activex_part_count,base64_total_avg_len,base64_total_count,base64_total_first5_prefixes,base64_total_first5_sha256,base64_total_max_len,base64_total_unique_count,bin_file_count,carved_ip_count,carved_suspicious_keyword_count,carved_url_count,customxml_part_count,dde_field_flag,embedded_max_entropy,embedded_max_size,embedded_object_count,embedded_ole10native_count,embedded_ole_object_count,embedded_ole_with_macros_count,embedded_pdf_like_count,embedded_pe_like_count,embedded_rtf_like_count,embedded_script_like_count,embedded_zip_like_count,entropy_suspicious_flag,external_url_count,field_cmd_suspicious_count,file_entropy,file_ext,file_name,file_path,file_size_bytes,format,has_activex_flag,has_customxml_flag,has_embeddings_flag,has_external_hyperlink_flag,has_external_image_rel_flag,has_oleobject_rel_flag,has_package_rel_flag,has_remote_template_flag,has_vba,has_vba_project_bin,hex_total_avg_len,hex_total_count,hex_total_first5_prefixes,hex_total_first5_sha256,hex_total_max_len,hex_total_unique_count,include_picture_field_count,ips_total_avg_len,ips_total_count,ips_total_first5_prefixes,ips_total_first5_sha256,ips_total_max_len,ips_total_unique_count,json_path,label,magic_mismatch,media_file_count,null_byte_ratio,parse_errors_count,printable_ratio,raw_code_snippet_total_count,raw_dde_line_count,rels_external_count,rels_external_url_count,rels_file_count,rels_total_count,sha256,snippets_total_avg_len,snippets_total_count,snippets_total_first5_prefixes,snippets_total_first5_sha256,snippets_total_max_len,snippets_total_unique_count,suspicious_xml_keyword_total_hits,urls_total_avg_len,urls_total_count,urls_total_first5_prefixes,urls_total_first5_sha256,urls_total_max_len,urls_total_unique_count,vba_autoexec_count,vba_base64_like_count,vba_code_snippet_total_count,vba_execute_eval_flag,vba_hex_like_count,vba_high_entropy_string_count,vba_line_count,vba_module_count,vba_powershell_cmd_count,vba_suspicious_api_count,vba_url_count,xml_external_url_count,xml_file_count,xml_hyperlink_count,xml_instrtext_count,zip_entry_count
0,0.0,0,,,0,0,0,0,0,0,0,False,0.0,0,0,0,0,0,0,0,0,0,0,True,39,0,7.986871113752203,.docx,028efcd673687e3d0a1e395a7f3fb8b43f021ec4743577c7eb967369a5225b0e.docx,/home/burak/Desktop/malicious_dataset/docx/malicious/028efcd673687e3d0a1e395a7f3fb8b43f021ec4743577c7eb967369a5225b0e.docx,701369,docx,False,False,False,False,False,False,True,False,False,False,0.0,0,,,0,0,0,0.0,0,,,0,0,/home/burak/Desktop/malicious_dataset/malicious_docx_extraction_results/028efcd673687e3d0a1e395a7f3fb8b43f021ec4743577c7eb967369a5225b0e.docx.json,malicious,False,0,0.004161860589789398,0,0.37332417030122517,0,0,0,0,2,4,028efcd673687e3d0a1e395a7f3fb8b43f021ec4743577c7eb967369a5225b0e,0.0,0,,,0,0,0,55.436,39,http://opendope.org/SmartArt/Dat | http://opendope.org/components | http://opendope.org/conditions | http://opendope.org/questions | http://opendope.org/xpaths,73f4d2d4cf4e05bdd1fb12a903989c3452712be1973c897f0edc5a64078a19cf | fe8e8505539408c6e1f94fba5d6ec4a2f07aaa4cb488ae4875dbd8ea0d06572c | f99c2bb053bc3dd658d8d1b66889fd64e801625eca7db9ed19b1486d05eec128 | 581600da4fd7e11dc4aa3f13795c093d24f0f49582efe963252be82178e614a8 | 4982beb6c5c3b73a75745339efee502e5053bb9c2764cec4d5fae4769f456265,87,39,0,0,0,False,0,0,0,0,0,0,0,53,9,1,0,17
0,0.0,0,,,0,0,0,0,0,0,0,False,0.0,0,0,0,0,0,0,0,0,0,0,True,41,0,7.985653237075144,.docx,0501889bf03e8049fba3315e2b8cda1ed4bb04ac433755765663e803e9f84df4.docx,/home/burak/Desktop/malicious_dataset/docx/malicious/0501889bf03e8049fba3315e2b8cda1ed4bb04ac433755765663e803e9f84df4.docx,618720,docx,False,False,False,False,False,False,True,True,False,False,0.0,0,,,0,0,0,0.0,0,,,0,0,/home/burak/Desktop/malicious_dataset/malicious_docx_extraction_results/0501889bf03e8049fba3315e2b8cda1ed4bb04ac433755765663e803e9f84df4.docx.json,malicious,False,0,0.004443043703129041,0,0.37202126971812777,0,0,1,1,3,14,0501889bf03e8049fba3315e2b8cda1ed4bb04ac433755765663e803e9f84df4,0.0,0,,,0,0,1,64.476,42,file:///C:\Users\John\AppData\Ro | http://purl.org/dc/dcmitype/ | http://purl.org/dc/elements/1.1/ | http://purl.org/dc/terms/ | http://schemas.microsoft.com/off,e428b308112369679bcd7f39cf97aa8e54a2c5d7ee8b2753164d7e165772b40e | 2730184a15d43084e89dc1274b084ec2fa762437a2d5b4508e2b1f9ca3761899 | f4142957241f3951bd3b4f7c9e5335b8f8ebb4cba3d4b6d7d327fff5dead1575 | 1578eb47cefb3bb62e179f626437a28f8c565f2d52dc5120e42241d8942e3ffc | 9e600ad95ff3111556f1eb8652078926aad36576d0e63b36f7964068c5b12cc4,94,42,0,0,0,False,0,0,0,0,0,0,0,107,13,1,2,22
0,0.0,0,,,0,0,0,0,0,0,0,False,0.0,0,0,0,0,0,0,0,0,0,0,True,39,0,7.495568675859334,.docx,127dcaaf5fccd69f9b86f526463937f3e700aeff4dbf90455e386b34f28bff59.docx,/home/burak/Desktop/malicious_dataset/docx/malicious/127dcaaf5fccd69f9b86f526463937f3e700aeff4dbf90455e386b34f28bff59.docx,39701,docx,False,False,False,False,False,False,True,False,False,False,0.0,0,,,0,0,0,0.0,0,,,0,0,/home/burak/Desktop/malicious_dataset/malicious_docx_extraction_results/127dcaaf5fccd69f9b86f526463937f3e700aeff4dbf90455e386b34f28bff59.docx.json,malicious,False,0,0.019243847762021107,0,0.34732122616558775,0,0,0,0,2,4,127dcaaf5fccd69f9b86f526463937f3e700aeff4dbf90455e386b34f28bff59,0.0,0,,,0,0,0,55.436,39,http://opendope.org/SmartArt/Dat | http://opendope.org/components | http://opendope.org/conditions | http://opendope.org/questions | http://opendope.org/xpaths,73f4d2d4cf4e05bdd1fb12a903989c3452712be1973c897f0edc5a64078a19cf | fe8e8505539408c6e1f94fba5d6ec4a2f07aaa4cb488ae4875dbd8ea0d06572c | f99c2bb053bc3dd658d8d1b66889fd64e801625eca7db9ed19b1486d05eec128 | 581600da4fd7e11dc4aa3f13795c093d24f0f49582efe963252be82178e614a8 | 4982beb6c5c3b73a75745339efee502e5053bb9c2764cec4d5fae4769f456265,87,39,0,0,0,False,0,0,0,0,0,0,0,53,9,1,0,17
0,0.0,0,,,0,0,0,0,0,0,0,False,0.0,0,0,0,0,0,0,0,0,0,0,True,39,0,7.661885298055411,.docx,15ff1532c7dcaf25a5c3b8b17c7c78ac94b31b457b1eb753022db5ba673ebbf2.docx,/home/burak/Desktop/malicious_dataset/docx/malicious/15ff1532c7dcaf25a5c3b8b17c7c78ac94b31b457b1eb753022db5ba673ebbf2.docx,51759,docx,False,False,False,False,False,False,True,False,False,False,0.0,0,,,0,0,0,0.0,0,,,0,0,/home/burak/Desktop/malicious_dataset/malicious_docx_extraction_results/15ff1532c7dcaf25a5c3b8b17c7c78ac94b31b457b1eb753022db5ba673ebbf2.docx.json,malicious,False,0,0.01657682721845476,0,0.35986012094514963,0,0,0,0,2,4,15ff1532c7dcaf25a5c3b8b17c7c78ac94b31b457b1eb753022db5ba673ebbf2,0.0,0,,,0,0,0,55.436,39,http://opendope.org/SmartArt/Dat | http://opendope.org/components | http://opendope.org/conditions | http://opendope.org/questions | http://opendope.org/xpaths,73f4d2d4cf4e05bdd1fb12a903989c3452712be1973c897f0edc5a64078a19cf | fe8e8505539408c6e1f94fba5d6ec4a2f07aaa4cb488ae4875dbd8ea0d06572c | f99c2bb053bc3dd658d8d1b66889fd64e801625eca7db9ed19b1486d05eec128 | 581600da4fd7e11dc4aa3f13795c093d24f0f49582efe963252be82178e614a8 | 4982beb6c5c3b73a75745339efee502e5053bb9c2764cec4d5fae4769f456265,87,39,0,0,0,False,0,0,0,0,0,0,0,53,9,1,0,17
0,0.0,0,,,0,0,0,0,0,0,0,False,0.0,0,0,0,0,0,0,0,0,0,0,True,41,0,7.986689552518692,.docx,19a7728c4b4ed2fc51e0a46da623a78c2389f4350407f29658c384475a8bcb46.docx,/home/burak/Desktop/malicious_dataset/docx/malicious/19a7728c4b4ed2fc51e0a46da623a78c2389f4350407f29658c384475a8bcb46.docx,653510,docx,False,False,False,False,False,False,True,True,False,False,0.0,0,,,0,0,0,0.0,0,,,0,0,/home/burak/Desktop/malicious_dataset/malicious_docx_extraction_results/19a7728c4b4ed2fc51e0a46da623a78c2389f4350407f29658c384475a8bcb46.docx.json,malicious,False,0,0.00397239521965999,0,0.3741488271028752,0,0,1,1,3,14,19a7728c4b4ed2fc51e0a46da623a78c2389f4350407f29658c384475a8bcb46,0.0,0,,,0,0,1,64.476,42,file:///C:\Users\John\AppData\Ro | http://purl.org/dc/dcmitype/ | http://purl.org/dc/elements/1.1/ | http://purl.org/dc/terms/ | http://schemas.microsoft.com/off,e428b308112369679bcd7f39cf97aa8e54a2c5d7ee8b2753164d7e165772b40e | 2730184a15d43084e89dc1274b084ec2fa762437a2d5b4508e2b1f9ca3761899 | f4142957241f3951bd3b4f7c9e5335b8f8ebb4cba3d4b6d7d327fff5dead1575 | 1578eb47cefb3bb62e179f626437a28f8c565f2d52dc5120e42241d8942e3ffc | 9e600ad95ff3111556f1eb8652078926aad36576d0e63b36f7964068c5b12cc4,94,42,0,0,0,False,0,0,0,0,0,0,0,107,13,1,2,22
0,0.0,0,,,0,0,0,0,0,0,0,False,0.0,0,0,0,0,0,0,0,0,0,0,True,39,0,7.974073413553973,.docx,1b1f455686dd68b52769932764c0e293ec5758387b6c9b2f7100f7b2e7ed44cb.docx,/home/burak/Desktop/malicious_dataset/docx/malicious/1b1f455686dd68b52769932764c0e293ec5758387b6c9b2f7100f7b2e7ed44cb.docx,399967,docx,False,False,False,False,False,False,True,False,False,False,0.0,0,,,0,0,0,0.0,0,,,0,0,/home/burak/Desktop/malicious_dataset/malicious_docx_extraction_results/1b1f455686dd68b52769932764c0e293ec5758387b6c9b2f7100f7b2e7ed44cb.docx.json,malicious,False,0,0.004097838071640911,0,0.3706355774351384,0,0,0,0,2,4,1b1f455686dd68b52769932764c0e293ec5758387b6c9b2f7100f7b2e7ed44cb,0.0,0,,,0,0,0,55.436,39,http://opendope.org/SmartArt/Dat | http://opendope.org/components | http://opendope.org/conditions | http://opendope.org/questions | http://opendope.org/xpaths,73f4d2d4cf4e05bdd1fb12a903989c3452712be1973c897f0edc5a64078a19cf | fe8e8505539408c6e1f94fba5d6ec4a2f07aaa4cb488ae4875dbd8ea0d06572c | f99c2bb053bc3dd658d8d1b66889fd64e801625eca7db9ed19b1486d05eec128 | 581600da4fd7e11dc4aa3f13795c093d24f0f49582efe963252be82178e614a8 | 4982beb6c5c3b73a75745339efee502e5053bb9c2764cec4d5fae4769f456265,87,39,0,0,0,False,0,0,0,0,0,0,0,53,9,1,0,17
0,0.0,0,,,0,0,0,0,0,0,0,False,0.0,0,0,0,0,0,0,0,0,0,0,True,41,0,7.98760711636373,.docx,2a94c09245788e2ee0df6ad67a64286e85baf479127441867e82e881ee05fd28.docx,/home/burak/Desktop/malicious_dataset/docx/malicious/2a94c09245788e2ee0df6ad67a64286e85baf479127441867e82e881ee05fd28.docx,664345,docx,False,False,False,False,False,False,True,True,False,False,0.0,0,,,0,0,0,0.0,0,,,0,0,/home/burak/Desktop/malicious_dataset/malicious_docx_extraction_results/2a94c09245788e2ee0df6ad67a64286e85baf479127441867e82e881ee05fd28.docx.json,malicious,False,0,0.004142425998539916,0,0.37324883908210343,0,0,1,1,3,14,2a94c09245788e2ee0df6ad67a64286e85baf479127441867e82e881ee05fd28,0.0,0,,,0,0,1,64.476,42,file:///C:\Users\John\AppData\Ro | http://purl.org/dc/dcmitype/ | http://purl.org/dc/elements/1.1/ | http://purl.org/dc/terms/ | http://schemas.microsoft.com/off,e428b308112369679bcd7f39cf97aa8e54a2c5d7ee8b2753164d7e165772b40e | 2730184a15d43084e89dc1274b084ec2fa762437a2d5b4508e2b1f9ca3761899 | f4142957241f3951bd3b4f7c9e5335b8f8ebb4cba3d4b6d7d327fff5dead1575 | 1578eb47cefb3bb62e179f626437a28f8c565f2d52dc5120e42241d8942e3ffc | 9e600ad95ff3111556f1eb8652078926aad36576d0e63b36f7964068c5b12cc4,94,42,0,0,0,False,0,0,0,0,0,0,0,107,13,1,2,22
0,0.0,0,,,0,0,0,0,0,0,0,False,0.0,0,0,0,0,0,0,0,0,0,0,True,41,0,7.987445605718455,.docx,2ad6ca5c2471a53baebf2d1735ff9fbfe5d6a76d963e990d75098f66cf668257.docx,/home/burak/Desktop/malicious_dataset/docx/malicious/2ad6ca5c2471a53baebf2d1735ff9fbfe5d6a76d963e990d75098f66cf668257.docx,653586,docx,False,False,False,False,False,False,True,True,False,False,0.0,0,,,0,0,0,0.0,0,,,0,0,/home/burak/Desktop/malicious_dataset/malicious_docx_extraction_results/2ad6ca5c2471a53baebf2d1735ff9fbfe5d6a76d963e990d75098f66cf668257.docx.json,malicious,False,0,0.003944392933753171,0,0.3748642106777073,0,0,1,1,3,14,2ad6ca5c2471a53baebf2d1735ff9fbfe5d6a76d963e990d75098f66cf668257,0.0,0,,,0,0,1,64.476,42,file:///C:\Users\John\AppData\Ro | http://purl.org/dc/dcmitype/ | http://purl.org/dc/elements/1.1/ | http://purl.org/dc/terms/ | http://schemas.microsoft.com/off,e428b308112369679bcd7f39cf97aa8e54a2c5d7ee8b2753164d7e165772b40e | 2730184a15d43084e89dc1274b084ec2fa762437a2d5b4508e2b1f9ca3761899 | f4142957241f3951bd3b4f7c9e5335b8f8ebb4cba3d4b6d7d327fff5dead1575 | 1578eb47cefb3bb62e179f626437a28f8c565f2d52dc5120e42241d8942e3ffc | 9e600ad95ff3111556f1eb8652078926aad36576d0e63b36f7964068c5b12cc4,94,42,0,0,0,False,0,0,0,0,0,0,0,107,13,1,2,22
0,0.0,0,,,0,0,0,0,0,0,0,False,0.0,0,0,0,0,0,0,0,0,0,0,True,41,0,7.9880130572338,.docx,2f1c0fa40c9bc6f4b34ff410e68a33868052967855d207a9ab65fa3623a7b2ab.docx,/home/burak/Desktop/malicious_dataset/docx/malicious/2f1c0fa40c9bc6f4b34ff410e68a33868052967855d207a9ab65fa3623a7b2ab.docx,724517,docx,False,False,False,False,False,False,True,True,False,False,0.0,0,,,0,0,0,0.0,0,,,0,0,/home/burak/Desktop/malicious_dataset/malicious_docx_extraction_results/2f1c0fa40c9bc6f4b34ff410e68a33868052967855d207a9ab65fa3623a7b2ab.docx.json,malicious,False,0,0.003984723615870987,0,0.3745543582828284,0,0,1,1,3,14,2f1c0fa40c9bc6f4b34ff410e68a33868052967855d207a9ab65fa3623a7b2ab,0.0,0,,,0,0,1,64.476,42,file:///C:\Users\John\AppData\Ro | http://purl.org/dc/dcmitype/ | http://purl.org/dc/elements/1.1/ | http://purl.org/dc/terms/ | http://schemas.microsoft.com/off,e428b308112369679bcd7f39cf97aa8e54a2c5d7ee8b2753164d7e165772b40e | 2730184a15d43084e89dc1274b084ec2fa762437a2d5b4508e2b1f9ca3761899 | f4142957241f3951bd3b4f7c9e5335b8f8ebb4cba3d4b6d7d327fff5dead1575 | 1578eb47cefb3bb62e179f626437a28f8c565f2d52dc5120e42241d8942e3ffc | 9e600ad95ff3111556f1eb8652078926aad36576d0e63b36f7964068c5b12cc4,94,42,0,0,0,False,0,0,0,0,0,0,0,107,13,1,2,22
0,0.0,0,,,0,0,0,0,0,0,0,False,0.0,0,0,0,0,0,0,0,0,0,0,True,41,0,7.982301735923476,.docx,31e7ddc5e0da4a829a01e968d96a6fd568b16bb5c6177dccfa5d9ae91917433f.docx,/home/burak/Desktop/malicious_dataset/docx/malicious/31e7ddc5e0da4a829a01e968d96a6fd568b16bb5c6177dccfa5d9ae91917433f.docx,935932,docx,False,False,False,False,False,False,True,True,False,False,0.0,0,,,0,0,0,0.0,0,,,0,0,/home/burak/Desktop/malicious_dataset/malicious_docx_extraction_results/31e7ddc5e0da4a829a01e968d96a6fd568b16bb5c6177dccfa5d9ae91917433f.docx.json,malicious,False,0,0.003658385438258335,0,0.3699734596103136,1,0,1,1,3,14,31e7ddc5e0da4a829a01e968d96a6fd568b16bb5c6177dccfa5d9ae91917433f,95.0,1,√Ω√Ç√Ö¬π¬•¬¢ ¬ü¬ç5√Ñ1¬≤j¬¨4√é¬∂¬∂√´√ô√Ü¬Øq¬∂QU¬Ø&¬õ,8fe0449425701ccc4213c77ddfbe2b0a6227ca212952fa106d491ac0322f44f8,95,1,1,64.476,42,file:///C:\Users\John\AppData\Ro | http://purl.org/dc/dcmitype/ | http://purl.org/dc/elements/1.1/ | http://purl.org/dc/terms/ | http://schemas.microsoft.com/off,e428b308112369679bcd7f39cf97aa8e54a2c5d7ee8b2753164d7e165772b40e | 2730184a15d43084e89dc1274b084ec2fa762437a2d5b4508e2b1f9ca3761899 | f4142957241f3951bd3b4f7c9e5335b8f8ebb4cba3d4b6d7d327fff5dead1575 | 1578eb47cefb3bb62e179f626437a28f8c565f2d52dc5120e42241d8942e3ffc | 9e600ad95ff3111556f1eb8652078926aad36576d0e63b36f7964068c5b12cc4,94,42,0,0,0,False,0,0,0,0,0,0,0,107,13,1,2,22
0,0.0,0,,,0,0,0,0,0,0,0,False,0.0,0,0,0,0,0,0,0,0,0,0,True,41,0,7.9826068902461635,.docx,4efe3ebdbf79630bda1a3f0280d637613f9fd03f65773a9fa1d1fca183a61590.docx,/home/burak/Desktop/malicious_dataset/docx/malicious/4efe3ebdbf79630bda1a3f0280d637613f9fd03f65773a9fa1d1fca183a61590.docx,936032,docx,False,False,False,False,False,False,True,True,False,False,0.0,0,,,0,0,0,0.0,0,,,0,0,/home/burak/Desktop/malicious_dataset/malicious_docx_extraction_results/4efe3ebdbf79630bda1a3f0280d637613f9fd03f65773a9fa1d1fca183a61590.docx.json,malicious,False,0,0.003563980718607911,0,0.3714862312399576,1,0,1,1,3,14,4efe3ebdbf79630bda1a3f0280d637613f9fd03f65773a9fa1d1fca183a61590,67.0,1,=¬∑X√í]√ùo√°√§sz√¥¬å¬∏H*P¬∞√ö¬öiexx¬ái√¥T+c,c78b10728ed5bd568b6783854bebb9e4b9d5d834ac135740f2f11ac4f9e88652,67,1,1,64.476,42,file:///C:\Users\John\AppData\Ro | http://purl.org/dc/dcmitype/ | http://purl.org/dc/elements/1.1/ | http://purl.org/dc/terms/ | http://schemas.microsoft.com/off,e428b308112369679bcd7f39cf97aa8e54a2c5d7ee8b2753164d7e165772b40e | 2730184a15d43084e89dc1274b084ec2fa762437a2d5b4508e2b1f9ca3761899 | f4142957241f3951bd3b4f7c9e5335b8f8ebb4cba3d4b6d7d327fff5dead1575 | 1578eb47cefb3bb62e179f626437a28f8c565f2d52dc5120e42241d8942e3ffc | 9e600ad95ff3111556f1eb8652078926aad36576d0e63b36f7964068c5b12cc4,94,42,0,0,0,False,0,0,0,0,0,0,0,107,13,1,2,22
0,0.0,0,,,0,0,0,0,0,0,0,False,0.0,0,0,0,0,0,0,0,0,0,0,True,41,0,7.986595523792619,.docx,51aae172a88c1a03ee09b0bf8e2091d5279211fb1e79bb77a1013d34808b6b1f.docx,/home/burak/Desktop/malicious_dataset/docx/malicious/51aae172a88c1a03ee09b0bf8e2091d5279211fb1e79bb77a1013d34808b6b1f.docx,672531,docx,False,False,False,False,False,False,True,True,False,False,0.0,0,,,0,0,0,0.0,0,,,0,0,/home/burak/Desktop/malicious_dataset/malicious_docx_extraction_results/51aae172a88c1a03ee09b0bf8e2091d5279211fb1e79bb77a1013d34808b6b1f.docx.json,malicious,False,0,0.004036988629520424,0,0.37487639974960263,0,0,1,1,3,14,51aae172a88c1a03ee09b0bf8e2091d5279211fb1e79bb77a1013d34808b6b1f,0.0,0,,,0,0,1,64.476,42,file:///C:\Users\John\AppData\Ro | http://purl.org/dc/dcmitype/ | http://purl.org/dc/elements/1.1/ | http://purl.org/dc/terms/ | http://schemas.microsoft.com/off,e428b308112369679bcd7f39cf97aa8e54a2c5d7ee8b2753164d7e165772b40e | 2730184a15d43084e89dc1274b084ec2fa762437a2d5b4508e2b1f9ca3761899 | f4142957241f3951bd3b4f7c9e5335b8f8ebb4cba3d4b6d7d327fff5dead1575 | 1578eb47cefb3bb62e179f626437a28f8c565f2d52dc5120e42241d8942e3ffc | 9e600ad95ff3111556f1eb8652078926aad36576d0e63b36f7964068c5b12cc4,94,42,0,0,0,False,0,0,0,0,0,0,0,107,13,1,2,22
0,54.0,1,org/officeDocument/2006/relation,4dd95c4827428b9b47f97e909561e1d4b304861666dd80703cdcc68e1a921b60,54,1,0,0,0,3,0,False,0.0,0,0,0,0,0,0,0,0,0,0,False,0,0,5.012603507005263,.docx,58eacb69b52af10bd468a3cb64118637558d2b9a463ac946598eb5e0266407d1.docx,/home/burak/Desktop/malicious_dataset/docx/malicious/58eacb69b52af10bd468a3cb64118637558d2b9a463ac946598eb5e0266407d1.docx,330,docx,False,False,False,False,False,False,False,False,True,False,0.0,0,,,0,0,0,0.0,0,,,0,0,/home/burak/Desktop/malicious_dataset/malicious_docx_extraction_results/58eacb69b52af10bd468a3cb64118637558d2b9a463ac946598eb5e0266407d1.docx.json,malicious,True,0,0.0,1,1.0,0,0,0,0,0,0,58eacb69b52af10bd468a3cb64118637558d2b9a463ac946598eb5e0266407d1,0.0,0,,,0,0,0,55.333,3,http://schemas.openxmlformats.or | http://schemas.openxmlformats.or | https://ln24.ir/n2KJQK,d869ec54482ae1b4a2bf70a2b00cad3a6891c7a88a61e441cb384e9f430bc4ea | ffd76646fb9747df2333328cbbe1569c2cab0da4cd0a2a4eccfe504b7832760f | afcd4e31082988400676371b0f6ac6951515a2e3980e881e783d7139a3ed831a,84,3,0,0,0,False,0,0,0,0,0,0,0,0,0,0,0,0
0,0.0,0,,,0,0,0,0,0,0,0,False,0.0,0,0,0,0,0,0,0,0,0,0,True,39,0,7.631274284991719,.docx,5c01a5ef2603e981a98187f5569ab1a702728cca5da5abf23c6e4df84c8ea9c7.docx,/home/burak/Desktop/malicious_dataset/docx/malicious/5c01a5ef2603e981a98187f5569ab1a702728cca5da5abf23c6e4df84c8ea9c7.docx,51598,docx,False,False,False,False,False,False,True,False,False,False,0.0,0,,,0,0,0,0.0,0,,,0,0,/home/burak/Desktop/malicious_dataset/malicious_docx_extraction_results/5c01a5ef2603e981a98187f5569ab1a702728cca5da5abf23c6e4df84c8ea9c7.docx.json,malicious,False,0,0.01689987984030389,0,0.36639017016163417,0,0,0,0,2,4,5c01a5ef2603e981a98187f5569ab1a702728cca5da5abf23c6e4df84c8ea9c7,0.0,0,,,0,0,0,55.436,39,http://opendope.org/SmartArt/Dat | http://opendope.org/components | http://opendope.org/conditions | http://opendope.org/questions | http://opendope.org/xpaths,73f4d2d4cf4e05bdd1fb12a903989c3452712be1973c897f0edc5a64078a19cf | fe8e8505539408c6e1f94fba5d6ec4a2f07aaa4cb488ae4875dbd8ea0d06572c | f99c2bb053bc3dd658d8d1b66889fd64e801625eca7db9ed19b1486d05eec128 | 581600da4fd7e11dc4aa3f13795c093d24f0f49582efe963252be82178e614a8 | 4982beb6c5c3b73a75745339efee502e5053bb9c2764cec4d5fae4769f456265,87,39,0,0,0,False,0,0,0,0,0,0,0,53,9,1,0,17
0,0.0,0,,,0,0,0,0,0,0,0,False,0.0,0,0,0,0,0,0,0,0,0,0,True,41,0,7.990632844339389,.docx,688b06d43afeb58335fab830767498eb23403d169f848ca08c27605d80027b85.docx,/home/burak/Desktop/malicious_dataset/docx/malicious/688b06d43afeb58335fab830767498eb23403d169f848ca08c27605d80027b85.docx,855401,docx,False,False,False,False,False,False,True,True,False,False,0.0,0,,,0,0,0,0.0,0,,,0,0,/home/burak/Desktop/malicious_dataset/malicious_docx_extraction_results/688b06d43afeb58335fab830767498eb23403d169f848ca08c27605d80027b85.docx.json,malicious,False,0,0.004058915058551486,0,0.3757594391402395,0,0,1,1,3,14,688b06d43afeb58335fab830767498eb23403d169f848ca08c27605d80027b85,0.0,0,,,0,0,1,64.476,42,file:///C:\Users\John\AppData\Ro | http://purl.org/dc/dcmitype/ | http://purl.org/dc/elements/1.1/ | http://purl.org/dc/terms/ | http://schemas.microsoft.com/off,e428b308112369679bcd7f39cf97aa8e54a2c5d7ee8b2753164d7e165772b40e | 2730184a15d43084e89dc1274b084ec2fa762437a2d5b4508e2b1f9ca3761899 | f4142957241f3951bd3b4f7c9e5335b8f8ebb4cba3d4b6d7d327fff5dead1575 | 1578eb47cefb3bb62e179f626437a28f8c565f2d52dc5120e42241d8942e3ffc | 9e600ad95ff3111556f1eb8652078926aad36576d0e63b36f7964068c5b12cc4,94,42,0,0,0,False,0,0,0,0,0,0,0,107,13,1,2,22
0,45.8,10,org/officeDocument/2006/relation | org/officeDocument/2006/relation | org/officeDocument/2006/relation | org/officeDocument/2006/relation | org/officeDocument/2006/relation,f913f2f3d879bfb93331ee24867bcedc08c7f3454d46eaa68b95909750aab362 | 7d275aae2666bf03eb7cd2cdbea6698cba0bda76216513ba1ab9b0fd5441cc79 | 080f08120d92d454816a623478cffe0c51007d718bc0bc1c352c2b4f5e13524b | bf3f81a63f994a08efdf77c73054511a9e68cd591441c53d3bc7d5b5760ea4e5 | 2e09c0046abcd6cafafce9d04862545b58b7db0500c36e43a6a320417f095d74,49,10,0,0,0,11,0,False,0.0,0,0,0,0,0,0,0,0,0,0,False,0,0,4.919704966538908,.docx,6af0aa5258068b0c5557bad284799c2adb8f58019881335a29a0f106707d505a.docx,/home/burak/Desktop/malicious_dataset/docx/malicious/6af0aa5258068b0c5557bad284799c2adb8f58019881335a29a0f106707d505a.docx,1479,docx,False,False,False,False,False,False,False,False,True,False,0.0,0,,,0,0,0,0.0,0,,,0,0,/home/burak/Desktop/malicious_dataset/malicious_docx_extraction_results/6af0aa5258068b0c5557bad284799c2adb8f58019881335a29a0f106707d505a.docx.json,malicious,True,0,0.0,1,1.0,0,0,0,0,0,0,6af0aa5258068b0c5557bad284799c2adb8f58019881335a29a0f106707d505a,0.0,0,,,0,0,0,74.364,11,http://schemas.openxmlformats.or | http://schemas.openxmlformats.or | http://schemas.openxmlformats.or | http://schemas.openxmlformats.or | http://schemas.openxmlformats.or,d869ec54482ae1b4a2bf70a2b00cad3a6891c7a88a61e441cb384e9f430bc4ea | 6014becada340403878adaf9f76d40cc1febae614b17f8281e07787362c317cb | b7a0de22f5000aa4e2630d51994c6d298b7ae75fbe08c1d164d3ec419410b13f | 4b6feb55ed78361eb08c7661b13e7c3130566813898505920707f3f0dfd0f497 | d8f40464d5f99495b3895117b6758f750f16cf28c375d8c250ddd59f751e9019,79,11,0,0,0,False,0,0,0,0,0,0,0,0,0,0,0,0
0,0.0,0,,,0,0,0,0,0,0,0,False,0.0,0,0,0,0,0,0,0,0,0,0,True,41,0,7.98734986201631,.docx,6cf095b62941364c1e3946ed7f2d509e7d0c85cadf855635b1f9fa77e67af424.docx,/home/burak/Desktop/malicious_dataset/docx/malicious/6cf095b62941364c1e3946ed7f2d509e7d0c85cadf855635b1f9fa77e67af424.docx,734784,docx,False,False,False,False,False,False,True,True,False,False,0.0,0,,,0,0,0,0.0,0,,,0,0,/home/burak/Desktop/malicious_dataset/malicious_docx_extraction_results/6cf095b62941364c1e3946ed7f2d509e7d0c85cadf855635b1f9fa77e67af424.docx.json,malicious,False,0,0.0039698741398832855,0,0.37471556266875705,0,0,1,1,3,14,6cf095b62941364c1e3946ed7f2d509e7d0c85cadf855635b1f9fa77e67af424,0.0,0,,,0,0,1,64.476,42,file:///C:\Users\John\AppData\Ro | http://purl.org/dc/dcmitype/ | http://purl.org/dc/elements/1.1/ | http://purl.org/dc/terms/ | http://schemas.microsoft.com/off,e428b308112369679bcd7f39cf97aa8e54a2c5d7ee8b2753164d7e165772b40e | 2730184a15d43084e89dc1274b084ec2fa762437a2d5b4508e2b1f9ca3761899 | f4142957241f3951bd3b4f7c9e5335b8f8ebb4cba3d4b6d7d327fff5dead1575 | 1578eb47cefb3bb62e179f626437a28f8c565f2d52dc5120e42241d8942e3ffc | 9e600ad95ff3111556f1eb8652078926aad36576d0e63b36f7964068c5b12cc4,94,42,0,0,0,False,0,0,0,0,0,0,0,107,13,1,2,22
0,0.0,0,,,0,0,0,0,0,0,0,False,0.0,0,0,0,0,0,0,0,0,0,0,True,39,0,7.97255247207624,.docx,6f5f9a315f359101814cba70f84e79f6c55105175777c29c230611ded53fedbe.docx,/home/burak/Desktop/malicious_dataset/docx/malicious/6f5f9a315f359101814cba70f84e79f6c55105175777c29c230611ded53fedbe.docx,416654,docx,False,False,False,False,False,False,True,False,False,False,0.0,0,,,0,0,0,0.0,0,,,0,0,/home/burak/Desktop/malicious_dataset/malicious_docx_extraction_results/6f5f9a315f359101814cba70f84e79f6c55105175777c29c230611ded53fedbe.docx.json,malicious,False,0,0.004224128413503771,0,0.3711256822207395,0,0,0,0,2,4,6f5f9a315f359101814cba70f84e79f6c55105175777c29c230611ded53fedbe,0.0,0,,,0,0,0,55.436,39,http://opendope.org/SmartArt/Dat | http://opendope.org/components | http://opendope.org/conditions | http://opendope.org/questions | http://opendope.org/xpaths,73f4d2d4cf4e05bdd1fb12a903989c3452712be1973c897f0edc5a64078a19cf | fe8e8505539408c6e1f94fba5d6ec4a2f07aaa4cb488ae4875dbd8ea0d06572c | f99c2bb053bc3dd658d8d1b66889fd64e801625eca7db9ed19b1486d05eec128 | 581600da4fd7e11dc4aa3f13795c093d24f0f49582efe963252be82178e614a8 | 4982beb6c5c3b73a75745339efee502e5053bb9c2764cec4d5fae4769f456265,87,39,0,0,0,False,0,0,0,0,0,0,0,53,9,1,0,17
0,0.0,0,,,0,0,0,0,0,0,0,False,0.0,0,0,0,0,0,0,0,0,0,0,True,41,0,7.986731320681107,.docx,6ff952e61e8f515a3d98596fd8bed1108eefb7c3d174c6ac3d6099b97c7a1298.docx,/home/burak/Desktop/malicious_dataset/docx/malicious/6ff952e61e8f515a3d98596fd8bed1108eefb7c3d174c6ac3d6099b97c7a1298.docx,665140,docx,False,False,False,False,False,False,True,True,False,False,0.0,0,,,0,0,0,0.0,0,,,0,0,/home/burak/Desktop/malicious_dataset/malicious_docx_extraction_results/6ff952e61e8f515a3d98596fd8bed1108eefb7c3d174c6ac3d6099b97c7a1298.docx.json,malicious,False,0,0.0038653516552906155,0,0.3746880356015275,0,0,1,1,3,14,6ff952e61e8f515a3d98596fd8bed1108eefb7c3d174c6ac3d6099b97c7a1298,0.0,0,,,0,0,1,64.476,42,file:///C:\Users\John\AppData\Ro | http://purl.org/dc/dcmitype/ | http://purl.org/dc/elements/1.1/ | http://purl.org/dc/terms/ | http://schemas.microsoft.com/off,e428b308112369679bcd7f39cf97aa8e54a2c5d7ee8b2753164d7e165772b40e | 2730184a15d43084e89dc1274b084ec2fa762437a2d5b4508e2b1f9ca3761899 | f4142957241f3951bd3b4f7c9e5335b8f8ebb4cba3d4b6d7d327fff5dead1575 | 1578eb47cefb3bb62e179f626437a28f8c565f2d52dc5120e42241d8942e3ffc | 9e600ad95ff3111556f1eb8652078926aad36576d0e63b36f7964068c5b12cc4,94,42,0,0,0,False,0,0,0,0,0,0,0,107,13,1,2,22
0,0.0,0,,,0,0,0,0,0,0,0,False,0.0,0,0,0,0,0,0,0,0,0,0,True,41,0,7.98212110549111,.docx,71b906576bc6809759b059d50c843f86d57cfcc44c9b54f07256a7e9b09f472e.docx,/home/burak/Desktop/malicious_dataset/docx/malicious/71b906576bc6809759b059d50c843f86d57cfcc44c9b54f07256a7e9b09f472e.docx,936026,docx,False,False,False,False,False,False,True,True,False,False,0.0,0,,,0,0,0,0.0,0,,,0,0,/home/burak/Desktop/malicious_dataset/malicious_docx_extraction_results/71b906576bc6809759b059d50c843f86d57cfcc44c9b54f07256a7e9b09f472e.docx.json,malicious,False,0,0.0036857950527015276,0,0.37185185026911644,0,0,1,1,3,14,71b906576bc6809759b059d50c843f86d57cfcc44c9b54f07256a7e9b09f472e,0.0,0,,,0,0,1,64.476,42,file:///C:\Users\John\AppData\Ro | http://purl.org/dc/dcmitype/ | http://purl.org/dc/elements/1.1/ | http://purl.org/dc/terms/ | http://schemas.microsoft.com/off,e428b308112369679bcd7f39cf97aa8e54a2c5d7ee8b2753164d7e165772b40e | 2730184a15d43084e89dc1274b084ec2fa762437a2d5b4508e2b1f9ca3761899 | f4142957241f3951bd3b4f7c9e5335b8f8ebb4cba3d4b6d7d327fff5dead1575 | 1578eb47cefb3bb62e179f626437a28f8c565f2d52dc5120e42241d8942e3ffc | 9e600ad95ff3111556f1eb8652078926aad36576d0e63b36f7964068c5b12cc4,94,42,0,0,0,False,0,0,0,0,0,0,0,107,13,1,2,22
0,0.0,0,,,0,0,0,0,0,0,0,False,0.0,0,0,0,0,0,0,0,0,0,0,True,39,0,7.97308161241941,.docx,7628a59272d7779b815ea24c836f19581ae28e75fd6d1b6598ef81d0d2e4e913.docx,/home/burak/Desktop/malicious_dataset/docx/malicious/7628a59272d7779b815ea24c836f19581ae28e75fd6d1b6598ef81d0d2e4e913.docx,410877,docx,False,False,False,False,False,False,True,False,False,False,0.0,0,,,0,0,0,0.0,0,,,0,0,/home/burak/Desktop/malicious_dataset/malicious_docx_extraction_results/7628a59272d7779b815ea24c836f19581ae28e75fd6d1b6598ef81d0d2e4e913.docx.json,malicious,False,0,0.004244579277983436,0,0.36998420451862724,0,0,0,0,2,4,7628a59272d7779b815ea24c836f19581ae28e75fd6d1b6598ef81d0d2e4e913,0.0,0,,,0,0,0,55.436,39,http://opendope.org/SmartArt/Dat | http://opendope.org/components | http://opendope.org/conditions | http://opendope.org/questions | http://opendope.org/xpaths,73f4d2d4cf4e05bdd1fb12a903989c3452712be1973c897f0edc5a64078a19cf | fe8e8505539408c6e1f94fba5d6ec4a2f07aaa4cb488ae4875dbd8ea0d06572c | f99c2bb053bc3dd658d8d1b66889fd64e801625eca7db9ed19b1486d05eec128 | 581600da4fd7e11dc4aa3f13795c093d24f0f49582efe963252be82178e614a8 | 4982beb6c5c3b73a75745339efee502e5053bb9c2764cec4d5fae4769f456265,87,39,0,0,0,False,0,0,0,0,0,0,0,53,9,1,0,17
0,0.0,0,,,0,0,0,0,0,0,0,False,0.0,0,0,0,0,0,0,0,0,0,0,True,41,0,7.98729229404583,.docx,7b65cf782881267e48afe3a4997909b922396e3896f8379e13ad145eb6a61d72.docx,/home/burak/Desktop/malicious_dataset/docx/malicious/7b65cf782881267e48afe3a4997909b922396e3896f8379e13ad145eb6a61d72.docx,698168,docx,False,False,False,False,False,False,True,True,False,False,0.0,0,,,0,0,0,0.0,0,,,0,0,/home/burak/Desktop/malicious_dataset/malicious_docx_extraction_results/7b65cf782881267e48afe3a4997909b922396e3896f8379e13ad145eb6a61d72.docx.json,malicious,False,0,0.004001902120979478,0,0.37328837758247296,1,0,1,1,3,14,7b65cf782881267e48afe3a4997909b922396e3896f8379e13ad145eb6a61d72,72.0,1,¬£h√õf√ë¬¨¬òm	√ä√°¬éL√ªZ2√ªC√ºNYq¬ªR√ª8q√≠¬ªW,6c13e5dd9f02dd87eb62e6c44d2c5b6249450f745431e98493733126eced5f1d,72,1,1,64.476,42,file:///C:\Users\John\AppData\Ro | http://purl.org/dc/dcmitype/ | http://purl.org/dc/elements/1.1/ | http://purl.org/dc/terms/ | http://schemas.microsoft.com/off,e428b308112369679bcd7f39cf97aa8e54a2c5d7ee8b2753164d7e165772b40e | 2730184a15d43084e89dc1274b084ec2fa762437a2d5b4508e2b1f9ca3761899 | f4142957241f3951bd3b4f7c9e5335b8f8ebb4cba3d4b6d7d327fff5dead1575 | 1578eb47cefb3bb62e179f626437a28f8c565f2d52dc5120e42241d8942e3ffc | 9e600ad95ff3111556f1eb8652078926aad36576d0e63b36f7964068c5b12cc4,94,42,0,0,0,False,0,0,0,0,0,0,0,107,13,1,2,22
0,0.0,0,,,0,0,0,0,0,0,0,False,0.0,0,0,0,0,0,0,0,0,0,0,True,41,0,7.986073747595304,.docx,8d5b587491c4d79fe0ada0b8dc091169c44ea6a73db0d1ee6f47dc63f9df6caa.docx,/home/burak/Desktop/malicious_dataset/docx/malicious/8d5b587491c4d79fe0ada0b8dc091169c44ea6a73db0d1ee6f47dc63f9df6caa.docx,618801,docx,False,False,False,False,False,False,True,True,False,False,0.0,0,,,0,0,0,0.0,0,,,0,0,/home/burak/Desktop/malicious_dataset/malicious_docx_extraction_results/8d5b587491c4d79fe0ada0b8dc091169c44ea6a73db0d1ee6f47dc63f9df6caa.docx.json,malicious,False,0,0.004536191764395985,0,0.371020732028552,0,0,1,1,3,14,8d5b587491c4d79fe0ada0b8dc091169c44ea6a73db0d1ee6f47dc63f9df6caa,0.0,0,,,0,0,1,64.476,42,file:///C:\Users\John\AppData\Ro | http://purl.org/dc/dcmitype/ | http://purl.org/dc/elements/1.1/ | http://purl.org/dc/terms/ | http://schemas.microsoft.com/off,e428b308112369679bcd7f39cf97aa8e54a2c5d7ee8b2753164d7e165772b40e | 2730184a15d43084e89dc1274b084ec2fa762437a2d5b4508e2b1f9ca3761899 | f4142957241f3951bd3b4f7c9e5335b8f8ebb4cba3d4b6d7d327fff5dead1575 | 1578eb47cefb3bb62e179f626437a28f8c565f2d52dc5120e42241d8942e3ffc | 9e600ad95ff3111556f1eb8652078926aad36576d0e63b36f7964068c5b12cc4,94,42,0,0,0,False,0,0,0,0,0,0,0,107,13,1,2,22
0,0.0,0,,,0,0,0,0,0,0,0,False,0.0,0,0,0,0,0,0,0,0,0,0,True,37,0,7.9817444044796675,.docx,96655a703439349b5d0acece198677a81f70ac74cc9245e251213a1d6fdf3dcb.docx,/home/burak/Desktop/malicious_dataset/docx/malicious/96655a703439349b5d0acece198677a81f70ac74cc9245e251213a1d6fdf3dcb.docx,581791,docx,False,False,False,False,False,False,True,False,False,False,0.0,0,,,0,0,0,0.0,0,,,0,0,/home/burak/Desktop/malicious_dataset/malicious_docx_extraction_results/96655a703439349b5d0acece198677a81f70ac74cc9245e251213a1d6fdf3dcb.docx.json,malicious,False,0,0.00397393565730649,0,0.3734313524959994,0,0,0,0,2,9,96655a703439349b5d0acece198677a81f70ac74cc9245e251213a1d6fdf3dcb,0.0,0,,,0,0,0,61.595,37,http://purl.org/dc/dcmitype/ | http://purl.org/dc/elements/1.1/ | http://purl.org/dc/terms/ | http://schemas.microsoft.com/off | http://schemas.microsoft.com/off,2730184a15d43084e89dc1274b084ec2fa762437a2d5b4508e2b1f9ca3761899 | f4142957241f3951bd3b4f7c9e5335b8f8ebb4cba3d4b6d7d327fff5dead1575 | 1578eb47cefb3bb62e179f626437a28f8c565f2d52dc5120e42241d8942e3ffc | 9e600ad95ff3111556f1eb8652078926aad36576d0e63b36f7964068c5b12cc4 | d852cfd98166a56a0cea0f36849332fa5798aef08f0dccc7b1aecdafcbe9a6e4,87,37,0,0,0,False,0,0,0,0,0,0,0,48,9,1,0,17
0,0.0,0,,,0,0,0,0,0,0,0,False,0.0,0,0,0,0,0,0,0,0,0,0,True,39,0,7.493347847662225,.docx,97696754c8897eaff3ef129cad7963c70848844d98ed0f4c282ab665afa837ed.docx,/home/burak/Desktop/malicious_dataset/docx/malicious/97696754c8897eaff3ef129cad7963c70848844d98ed0f4c282ab665afa837ed.docx,39704,docx,False,False,False,False,False,False,True,False,False,False,0.0,0,,,0,0,0,0.0,0,,,0,0,/home/burak/Desktop/malicious_dataset/malicious_docx_extraction_results/97696754c8897eaff3ef129cad7963c70848844d98ed0f4c282ab665afa837ed.docx.json,malicious,False,0,0.019192020955067498,0,0.3458089865001007,0,0,0,0,2,4,97696754c8897eaff3ef129cad7963c70848844d98ed0f4c282ab665afa837ed,0.0,0,,,0,0,0,55.436,39,http://opendope.org/SmartArt/Dat | http://opendope.org/components | http://opendope.org/conditions | http://opendope.org/questions | http://opendope.org/xpaths,73f4d2d4cf4e05bdd1fb12a903989c3452712be1973c897f0edc5a64078a19cf | fe8e8505539408c6e1f94fba5d6ec4a2f07aaa4cb488ae4875dbd8ea0d06572c | f99c2bb053bc3dd658d8d1b66889fd64e801625eca7db9ed19b1486d05eec128 | 581600da4fd7e11dc4aa3f13795c093d24f0f49582efe963252be82178e614a8 | 4982beb6c5c3b73a75745339efee502e5053bb9c2764cec4d5fae4769f456265,87,39,0,0,0,False,0,0,0,0,0,0,0,53,9,1,0,17
0,45.8,10,org/officeDocument/2006/relation | org/officeDocument/2006/relation | org/officeDocument/2006/relation | org/officeDocument/2006/relation | org/officeDocument/2006/relation,f913f2f3d879bfb93331ee24867bcedc08c7f3454d46eaa68b95909750aab362 | 7d275aae2666bf03eb7cd2cdbea6698cba0bda76216513ba1ab9b0fd5441cc79 | 080f08120d92d454816a623478cffe0c51007d718bc0bc1c352c2b4f5e13524b | bf3f81a63f994a08efdf77c73054511a9e68cd591441c53d3bc7d5b5760ea4e5 | 2e09c0046abcd6cafafce9d04862545b58b7db0500c36e43a6a320417f095d74,49,10,0,0,0,11,0,False,0.0,0,0,0,0,0,0,0,0,0,0,False,0,0,4.918879266391324,.docx,990b1cf20feec47df5d563f8f1906bfbb21eba528fd5de231f93e6b06cba569c.docx,/home/burak/Desktop/malicious_dataset/docx/malicious/990b1cf20feec47df5d563f8f1906bfbb21eba528fd5de231f93e6b06cba569c.docx,1477,docx,False,False,False,False,False,False,False,False,True,False,0.0,0,,,0,0,0,0.0,0,,,0,0,/home/burak/Desktop/malicious_dataset/malicious_docx_extraction_results/990b1cf20feec47df5d563f8f1906bfbb21eba528fd5de231f93e6b06cba569c.docx.json,malicious,True,0,0.0,1,1.0,0,0,0,0,0,0,990b1cf20feec47df5d563f8f1906bfbb21eba528fd5de231f93e6b06cba569c,0.0,0,,,0,0,0,74.364,11,http://schemas.openxmlformats.or | http://schemas.openxmlformats.or | http://schemas.openxmlformats.or | http://schemas.openxmlformats.or | http://schemas.openxmlformats.or,d869ec54482ae1b4a2bf70a2b00cad3a6891c7a88a61e441cb384e9f430bc4ea | 6014becada340403878adaf9f76d40cc1febae614b17f8281e07787362c317cb | b7a0de22f5000aa4e2630d51994c6d298b7ae75fbe08c1d164d3ec419410b13f | 4b6feb55ed78361eb08c7661b13e7c3130566813898505920707f3f0dfd0f497 | d8f40464d5f99495b3895117b6758f750f16cf28c375d8c250ddd59f751e9019,79,11,0,0,0,False,0,0,0,0,0,0,0,0,0,0,0,0
0,0.0,0,,,0,0,0,0,0,0,0,False,0.0,0,0,0,0,0,0,0,0,0,0,True,41,0,7.9876400698118095,.docx,9e71d743c8956c70477961452c921d0594d982494161ff8b7be1d8c45dc9626e.docx,/home/burak/Desktop/malicious_dataset/docx/malicious/9e71d743c8956c70477961452c921d0594d982494161ff8b7be1d8c45dc9626e.docx,664304,docx,False,False,False,False,False,False,True,True,False,False,0.0,0,,,0,0,0,0.0,0,,,0,0,/home/burak/Desktop/malicious_dataset/malicious_docx_extraction_results/9e71d743c8956c70477961452c921d0594d982494161ff8b7be1d8c45dc9626e.docx.json,malicious,False,0,0.004080962932633252,0,0.3735624051639009,1,0,1,1,3,14,9e71d743c8956c70477961452c921d0594d982494161ff8b7be1d8c45dc9626e,90.0,1,"v√µ√ã*t¬∑√ª&¬™√´√∑√¨¬Å√ß,C¬ù√â_V√≥√Äw√†¬ü¬†gF",755bd1d72ae750401ee6041520be0b721b0b1309bf7d582ba8bb243dc6477f22,90,1,1,64.476,42,file:///C:\Users\John\AppData\Ro | http://purl.org/dc/dcmitype/ | http://purl.org/dc/elements/1.1/ | http://purl.org/dc/terms/ | http://schemas.microsoft.com/off,e428b308112369679bcd7f39cf97aa8e54a2c5d7ee8b2753164d7e165772b40e | 2730184a15d43084e89dc1274b084ec2fa762437a2d5b4508e2b1f9ca3761899 | f4142957241f3951bd3b4f7c9e5335b8f8ebb4cba3d4b6d7d327fff5dead1575 | 1578eb47cefb3bb62e179f626437a28f8c565f2d52dc5120e42241d8942e3ffc | 9e600ad95ff3111556f1eb8652078926aad36576d0e63b36f7964068c5b12cc4,94,42,0,0,0,False,0,0,0,0,0,0,0,107,13,1,2,22
0,0.0,0,,,0,0,0,0,0,0,0,False,0.0,0,0,0,0,0,0,0,0,0,0,True,39,0,7.492425269420163,.docx,a62a5eb3728a464d99f0b39872b74ecab1ea312afabf1f0d84ca84a7ce1657a5.docx,/home/burak/Desktop/malicious_dataset/docx/malicious/a62a5eb3728a464d99f0b39872b74ecab1ea312afabf1f0d84ca84a7ce1657a5.docx,39709,docx,False,False,False,False,False,False,True,False,False,False,0.0,0,,,0,0,0,0.0,0,,,0,0,/home/burak/Desktop/malicious_dataset/malicious_docx_extraction_results/a62a5eb3728a464d99f0b39872b74ecab1ea312afabf1f0d84ca84a7ce1657a5.docx.json,malicious,False,0,0.01913923795613085,0,0.35304339066710316,0,0,0,0,2,4,a62a5eb3728a464d99f0b39872b74ecab1ea312afabf1f0d84ca84a7ce1657a5,0.0,0,,,0,0,0,55.436,39,http://opendope.org/SmartArt/Dat | http://opendope.org/components | http://opendope.org/conditions | http://opendope.org/questions | http://opendope.org/xpaths,73f4d2d4cf4e05bdd1fb12a903989c3452712be1973c897f0edc5a64078a19cf | fe8e8505539408c6e1f94fba5d6ec4a2f07aaa4cb488ae4875dbd8ea0d06572c | f99c2bb053bc3dd658d8d1b66889fd64e801625eca7db9ed19b1486d05eec128 | 581600da4fd7e11dc4aa3f13795c093d24f0f49582efe963252be82178e614a8 | 4982beb6c5c3b73a75745339efee502e5053bb9c2764cec4d5fae4769f456265,87,39,0,0,0,False,0,0,0,0,0,0,0,53,9,1,0,17
0,0.0,0,,,0,0,0,0,0,0,0,False,0.0,0,0,0,0,0,0,0,0,0,0,True,41,0,7.9865115830287445,.docx,a6972eeb206d4dcfc2145076ac8f1054df124c288ecf8ceaecb76f1ff3f541f9.docx,/home/burak/Desktop/malicious_dataset/docx/malicious/a6972eeb206d4dcfc2145076ac8f1054df124c288ecf8ceaecb76f1ff3f541f9.docx,664324,docx,False,False,False,False,False,False,True,True,False,False,0.0,0,,,0,0,0,0.0,0,,,0,0,/home/burak/Desktop/malicious_dataset/malicious_docx_extraction_results/a6972eeb206d4dcfc2145076ac8f1054df124c288ecf8ceaecb76f1ff3f541f9.docx.json,malicious,False,0,0.003942353429952855,0,0.3752762206393266,0,0,1,1,3,14,a6972eeb206d4dcfc2145076ac8f1054df124c288ecf8ceaecb76f1ff3f541f9,0.0,0,,,0,0,1,64.476,42,file:///C:\Users\John\AppData\Ro | http://purl.org/dc/dcmitype/ | http://purl.org/dc/elements/1.1/ | http://purl.org/dc/terms/ | http://schemas.microsoft.com/off,e428b308112369679bcd7f39cf97aa8e54a2c5d7ee8b2753164d7e165772b40e | 2730184a15d43084e89dc1274b084ec2fa762437a2d5b4508e2b1f9ca3761899 | f4142957241f3951bd3b4f7c9e5335b8f8ebb4cba3d4b6d7d327fff5dead1575 | 1578eb47cefb3bb62e179f626437a28f8c565f2d52dc5120e42241d8942e3ffc | 9e600ad95ff3111556f1eb8652078926aad36576d0e63b36f7964068c5b12cc4,94,42,0,0,0,False,0,0,0,0,0,0,0,107,13,1,2,22
0,0.0,0,,,0,0,0,0,0,0,0,False,0.0,0,0,0,0,0,0,0,0,0,0,True,41,0,7.987300090177799,.docx,ac39ac04e808d8c9b082d79b33a9c1306e587593499c468f0e13b42e222dc76d.docx,/home/burak/Desktop/malicious_dataset/docx/malicious/ac39ac04e808d8c9b082d79b33a9c1306e587593499c468f0e13b42e222dc76d.docx,664363,docx,False,False,False,False,False,False,True,True,False,False,0.0,0,,,0,0,0,0.0,0,,,0,0,/home/burak/Desktop/malicious_dataset/malicious_docx_extraction_results/ac39ac04e808d8c9b082d79b33a9c1306e587593499c468f0e13b42e222dc76d.docx.json,malicious,False,0,0.0041724177896722125,0,0.3734840742184619,0,0,1,1,3,14,ac39ac04e808d8c9b082d79b33a9c1306e587593499c468f0e13b42e222dc76d,0.0,0,,,0,0,1,64.476,42,file:///C:\Users\John\AppData\Ro | http://purl.org/dc/dcmitype/ | http://purl.org/dc/elements/1.1/ | http://purl.org/dc/terms/ | http://schemas.microsoft.com/off,e428b308112369679bcd7f39cf97aa8e54a2c5d7ee8b2753164d7e165772b40e | 2730184a15d43084e89dc1274b084ec2fa762437a2d5b4508e2b1f9ca3761899 | f4142957241f3951bd3b4f7c9e5335b8f8ebb4cba3d4b6d7d327fff5dead1575 | 1578eb47cefb3bb62e179f626437a28f8c565f2d52dc5120e42241d8942e3ffc | 9e600ad95ff3111556f1eb8652078926aad36576d0e63b36f7964068c5b12cc4,94,42,0,0,0,False,0,0,0,0,0,0,0,107,13,1,2,22
0,0.0,0,,,0,0,0,0,0,0,0,False,0.0,0,0,0,0,0,0,0,0,0,0,True,39,0,7.655409164982369,.docx,ad35cd260cfd5be38fbbbaa24dcd852f65b88dce15773060376d362d17ff9078.docx,/home/burak/Desktop/malicious_dataset/docx/malicious/ad35cd260cfd5be38fbbbaa24dcd852f65b88dce15773060376d362d17ff9078.docx,51744,docx,False,False,False,False,False,False,True,False,False,False,0.0,0,,,0,0,0,0.0,0,,,0,0,/home/burak/Desktop/malicious_dataset/malicious_docx_extraction_results/ad35cd260cfd5be38fbbbaa24dcd852f65b88dce15773060376d362d17ff9078.docx.json,malicious,False,0,0.016542980828695115,0,0.3572588126159555,0,0,0,0,2,4,ad35cd260cfd5be38fbbbaa24dcd852f65b88dce15773060376d362d17ff9078,0.0,0,,,0,0,0,55.436,39,http://opendope.org/SmartArt/Dat | http://opendope.org/components | http://opendope.org/conditions | http://opendope.org/questions | http://opendope.org/xpaths,73f4d2d4cf4e05bdd1fb12a903989c3452712be1973c897f0edc5a64078a19cf | fe8e8505539408c6e1f94fba5d6ec4a2f07aaa4cb488ae4875dbd8ea0d06572c | f99c2bb053bc3dd658d8d1b66889fd64e801625eca7db9ed19b1486d05eec128 | 581600da4fd7e11dc4aa3f13795c093d24f0f49582efe963252be82178e614a8 | 4982beb6c5c3b73a75745339efee502e5053bb9c2764cec4d5fae4769f456265,87,39,0,0,0,False,0,0,0,0,0,0,0,53,9,1,0,17
0,0.0,0,,,0,0,0,0,0,0,0,False,0.0,0,0,0,0,0,0,0,0,0,0,True,41,0,7.98692225188918,.docx,ada1dd0f7e4fdb853b5272f38875b80988a8cd6335e3cbdda0b17bb0acaa314f.docx,/home/burak/Desktop/malicious_dataset/docx/malicious/ada1dd0f7e4fdb853b5272f38875b80988a8cd6335e3cbdda0b17bb0acaa314f.docx,677282,docx,False,False,False,False,False,False,True,True,False,False,0.0,0,,,0,0,0,0.0,0,,,0,0,/home/burak/Desktop/malicious_dataset/malicious_docx_extraction_results/ada1dd0f7e4fdb853b5272f38875b80988a8cd6335e3cbdda0b17bb0acaa314f.docx.json,malicious,False,0,0.0037871964705986578,0,0.37554814685758664,1,0,1,1,3,14,ada1dd0f7e4fdb853b5272f38875b80988a8cd6335e3cbdda0b17bb0acaa314f,102.0,1,√ég<r√≠√≥a¬∂√ô√ø√∫√ä¬≥y√ùM¬ò¬Ω¬â√é√π.+^t√•r¬ù<√†,68dc80fa73727f0c23fcffe1c36115c13ff44d634832a7e92fdf1a10d3f1bb6d,102,1,1,64.476,42,file:///C:\Users\John\AppData\Ro | http://purl.org/dc/dcmitype/ | http://purl.org/dc/elements/1.1/ | http://purl.org/dc/terms/ | http://schemas.microsoft.com/off,e428b308112369679bcd7f39cf97aa8e54a2c5d7ee8b2753164d7e165772b40e | 2730184a15d43084e89dc1274b084ec2fa762437a2d5b4508e2b1f9ca3761899 | f4142957241f3951bd3b4f7c9e5335b8f8ebb4cba3d4b6d7d327fff5dead1575 | 1578eb47cefb3bb62e179f626437a28f8c565f2d52dc5120e42241d8942e3ffc | 9e600ad95ff3111556f1eb8652078926aad36576d0e63b36f7964068c5b12cc4,94,42,0,0,0,False,0,0,0,0,0,0,0,107,13,1,2,22
0,0.0,0,,,0,0,0,0,0,0,0,False,0.0,0,0,0,0,0,0,0,0,0,0,True,41,0,7.986892289798549,.docx,ae70cc1da5355ada8c1c11678d101464c6b863cc02c603fb1597b54efd4223e5.docx,/home/burak/Desktop/malicious_dataset/docx/malicious/ae70cc1da5355ada8c1c11678d101464c6b863cc02c603fb1597b54efd4223e5.docx,664928,docx,False,False,False,False,False,False,True,True,False,False,0.0,0,,,0,0,0,0.0,0,,,0,0,/home/burak/Desktop/malicious_dataset/malicious_docx_extraction_results/ae70cc1da5355ada8c1c11678d101464c6b863cc02c603fb1597b54efd4223e5.docx.json,malicious,False,0,0.0039673468405601806,0,0.37359082487126427,0,0,1,1,3,14,ae70cc1da5355ada8c1c11678d101464c6b863cc02c603fb1597b54efd4223e5,0.0,0,,,0,0,1,64.476,42,file:///C:\Users\John\AppData\Ro | http://purl.org/dc/dcmitype/ | http://purl.org/dc/elements/1.1/ | http://purl.org/dc/terms/ | http://schemas.microsoft.com/off,e428b308112369679bcd7f39cf97aa8e54a2c5d7ee8b2753164d7e165772b40e | 2730184a15d43084e89dc1274b084ec2fa762437a2d5b4508e2b1f9ca3761899 | f4142957241f3951bd3b4f7c9e5335b8f8ebb4cba3d4b6d7d327fff5dead1575 | 1578eb47cefb3bb62e179f626437a28f8c565f2d52dc5120e42241d8942e3ffc | 9e600ad95ff3111556f1eb8652078926aad36576d0e63b36f7964068c5b12cc4,94,42,0,0,0,False,0,0,0,0,0,0,0,107,13,1,2,22
0,0.0,0,,,0,0,0,0,0,0,0,False,0.0,0,0,0,0,0,0,0,0,0,0,True,39,0,7.991373822660284,.docx,b3afa94cb798f205e458841eed83cff51cb8455d869e47f44994721ad5220ea9.docx,/home/burak/Desktop/malicious_dataset/docx/malicious/b3afa94cb798f205e458841eed83cff51cb8455d869e47f44994721ad5220ea9.docx,1714090,docx,False,False,False,False,False,False,True,False,False,False,0.0,0,,,0,0,0,0.0,0,,,0,0,/home/burak/Desktop/malicious_dataset/malicious_docx_extraction_results/b3afa94cb798f205e458841eed83cff51cb8455d869e47f44994721ad5220ea9.docx.json,malicious,False,0,0.003094936671936713,0,0.3771820616187015,0,0,0,0,2,4,b3afa94cb798f205e458841eed83cff51cb8455d869e47f44994721ad5220ea9,0.0,0,,,0,0,0,55.436,39,http://opendope.org/SmartArt/Dat | http://opendope.org/components | http://opendope.org/conditions | http://opendope.org/questions | http://opendope.org/xpaths,73f4d2d4cf4e05bdd1fb12a903989c3452712be1973c897f0edc5a64078a19cf | fe8e8505539408c6e1f94fba5d6ec4a2f07aaa4cb488ae4875dbd8ea0d06572c | f99c2bb053bc3dd658d8d1b66889fd64e801625eca7db9ed19b1486d05eec128 | 581600da4fd7e11dc4aa3f13795c093d24f0f49582efe963252be82178e614a8 | 4982beb6c5c3b73a75745339efee502e5053bb9c2764cec4d5fae4769f456265,87,39,0,0,0,False,0,0,0,0,0,0,0,53,9,1,0,17
0,0.0,0,,,0,0,0,0,0,0,0,False,0.0,0,0,0,0,0,0,0,0,0,0,True,39,0,7.978591652822416,.docx,b4de258f62843f57dc7f9a22656bb1243bbe4218cf2f2473680ee1d1fa828b89.docx,/home/burak/Desktop/malicious_dataset/docx/malicious/b4de258f62843f57dc7f9a22656bb1243bbe4218cf2f2473680ee1d1fa828b89.docx,479517,docx,False,False,False,False,False,False,True,False,False,False,0.0,0,,,0,0,0,0.0,0,,,0,0,/home/burak/Desktop/malicious_dataset/malicious_docx_extraction_results/b4de258f62843f57dc7f9a22656bb1243bbe4218cf2f2473680ee1d1fa828b89.docx.json,malicious,False,0,0.003860134260099225,0,0.370737638081653,0,0,0,0,2,4,b4de258f62843f57dc7f9a22656bb1243bbe4218cf2f2473680ee1d1fa828b89,0.0,0,,,0,0,0,55.436,39,http://opendope.org/SmartArt/Dat | http://opendope.org/components | http://opendope.org/conditions | http://opendope.org/questions | http://opendope.org/xpaths,73f4d2d4cf4e05bdd1fb12a903989c3452712be1973c897f0edc5a64078a19cf | fe8e8505539408c6e1f94fba5d6ec4a2f07aaa4cb488ae4875dbd8ea0d06572c | f99c2bb053bc3dd658d8d1b66889fd64e801625eca7db9ed19b1486d05eec128 | 581600da4fd7e11dc4aa3f13795c093d24f0f49582efe963252be82178e614a8 | 4982beb6c5c3b73a75745339efee502e5053bb9c2764cec4d5fae4769f456265,87,39,0,0,0,False,0,0,0,0,0,0,0,53,9,1,0,17
0,0.0,0,,,0,0,0,0,0,0,0,False,0.0,0,0,0,0,0,0,0,0,0,0,True,41,0,7.989136875304262,.docx,bac6e964e37bf4adcd9f670aad4e030f6ee68dadac7c03b417e091a54f3553de.docx,/home/burak/Desktop/malicious_dataset/docx/malicious/bac6e964e37bf4adcd9f670aad4e030f6ee68dadac7c03b417e091a54f3553de.docx,799644,docx,False,False,False,False,False,False,True,True,False,False,0.0,0,,,0,0,0,0.0,0,,,0,0,/home/burak/Desktop/malicious_dataset/malicious_docx_extraction_results/bac6e964e37bf4adcd9f670aad4e030f6ee68dadac7c03b417e091a54f3553de.docx.json,malicious,False,0,0.004191865380094142,0,0.3750381419731781,0,0,1,1,3,14,bac6e964e37bf4adcd9f670aad4e030f6ee68dadac7c03b417e091a54f3553de,0.0,0,,,0,0,1,64.476,42,file:///C:\Users\John\AppData\Ro | http://purl.org/dc/dcmitype/ | http://purl.org/dc/elements/1.1/ | http://purl.org/dc/terms/ | http://schemas.microsoft.com/off,e428b308112369679bcd7f39cf97aa8e54a2c5d7ee8b2753164d7e165772b40e | 2730184a15d43084e89dc1274b084ec2fa762437a2d5b4508e2b1f9ca3761899 | f4142957241f3951bd3b4f7c9e5335b8f8ebb4cba3d4b6d7d327fff5dead1575 | 1578eb47cefb3bb62e179f626437a28f8c565f2d52dc5120e42241d8942e3ffc | 9e600ad95ff3111556f1eb8652078926aad36576d0e63b36f7964068c5b12cc4,94,42,0,0,0,False,0,0,0,0,0,0,0,107,13,1,2,22
0,0.0,0,,,0,0,0,0,0,0,0,False,0.0,0,0,0,0,0,0,0,0,0,0,True,50,0,7.737979636746357,.docx,c7073b7fc18b3ec20e476a7375e2a6695d273f671917a6627430e59534d3a138.docx,/home/burak/Desktop/malicious_dataset/docx/malicious/c7073b7fc18b3ec20e476a7375e2a6695d273f671917a6627430e59534d3a138.docx,13121,docx,False,False,False,False,False,True,True,False,False,False,0.0,0,,,0,0,0,0.0,0,,,0,0,/home/burak/Desktop/malicious_dataset/malicious_docx_extraction_results/c7073b7fc18b3ec20e476a7375e2a6695d273f671917a6627430e59534d3a138.docx.json,malicious,False,0,0.06981175215303712,0,0.38632726164164316,0,0,1,1,2,11,c7073b7fc18b3ec20e476a7375e2a6695d273f671917a6627430e59534d3a138,0.0,0,,,0,0,2,61.882,51,mhtml:http://192.168.112.128/wor | http://192.168.112.128/word.html | http://purl.org/dc/dcmitype/ | http://purl.org/dc/elements/1.1/ | http://purl.org/dc/terms/,26230babd6939098539a066ef35aef05a8f40d1ed4a3a61fd5528bfca0760b96 | 8e68191025282d6ebced5a008a1b02168da7190bb064ed99bedd10fe8696bf51 | 2730184a15d43084e89dc1274b084ec2fa762437a2d5b4508e2b1f9ca3761899 | f4142957241f3951bd3b4f7c9e5335b8f8ebb4cba3d4b6d7d327fff5dead1575 | 1578eb47cefb3bb62e179f626437a28f8c565f2d52dc5120e42241d8942e3ffc,87,51,0,0,0,False,0,0,0,0,0,0,0,66,9,1,0,16
0,0.0,0,,,0,0,0,0,0,0,0,False,0.0,0,0,0,0,0,0,0,0,0,0,True,41,0,7.986422769084923,.docx,cb7e494eec2499017f80e1352915fa837fff394f04df860f1e622c0fe5f858ae.docx,/home/burak/Desktop/malicious_dataset/docx/malicious/cb7e494eec2499017f80e1352915fa837fff394f04df860f1e622c0fe5f858ae.docx,674743,docx,False,False,False,False,False,False,True,True,False,False,0.0,0,,,0,0,0,0.0,0,,,0,0,/home/burak/Desktop/malicious_dataset/malicious_docx_extraction_results/cb7e494eec2499017f80e1352915fa837fff394f04df860f1e622c0fe5f858ae.docx.json,malicious,False,0,0.0038814778367467317,0,0.3752895546897115,2,0,1,1,3,14,cb7e494eec2499017f80e1352915fa837fff394f04df860f1e622c0fe5f858ae,30.5,2,"wg√©√öIex-√£√∞¬•RT	L¬™@* | IEx@¬¨NL√ëWk$:√Æ#√¢f.¬î¬ñ¬ü√ñD*9""¬Æ&¬ë",567ca73e5e6aa238ba2905a44fc75dd8bf2f0ff30269df6359b5bcf6ec1079db | 9d2738c0e11542ab1f8ca7312983bcef1b5095659bb3939b5e74fd7b58a130dd,41,2,1,64.476,42,file:///C:\Users\John\AppData\Ro | http://purl.org/dc/dcmitype/ | http://purl.org/dc/elements/1.1/ | http://purl.org/dc/terms/ | http://schemas.microsoft.com/off,e428b308112369679bcd7f39cf97aa8e54a2c5d7ee8b2753164d7e165772b40e | 2730184a15d43084e89dc1274b084ec2fa762437a2d5b4508e2b1f9ca3761899 | f4142957241f3951bd3b4f7c9e5335b8f8ebb4cba3d4b6d7d327fff5dead1575 | 1578eb47cefb3bb62e179f626437a28f8c565f2d52dc5120e42241d8942e3ffc | 9e600ad95ff3111556f1eb8652078926aad36576d0e63b36f7964068c5b12cc4,94,42,0,0,0,False,0,0,0,0,0,0,0,107,13,1,2,22
0,0.0,0,,,0,0,0,0,0,0,0,False,0.0,0,0,0,0,0,0,0,0,0,0,True,41,0,7.98611400045469,.docx,cc7b7b19c3694ddebe911977da4482e9f733e39b2461a1defeb8bcafdd075e18.docx,/home/burak/Desktop/malicious_dataset/docx/malicious/cc7b7b19c3694ddebe911977da4482e9f733e39b2461a1defeb8bcafdd075e18.docx,698165,docx,False,False,False,False,False,False,True,True,False,False,0.0,0,,,0,0,0,0.0,0,,,0,0,/home/burak/Desktop/malicious_dataset/malicious_docx_extraction_results/cc7b7b19c3694ddebe911977da4482e9f733e39b2461a1defeb8bcafdd075e18.docx.json,malicious,False,0,0.003900224159045498,0,0.3737769724921759,0,0,1,1,3,14,cc7b7b19c3694ddebe911977da4482e9f733e39b2461a1defeb8bcafdd075e18,0.0,0,,,0,0,1,64.476,42,file:///C:\Users\John\AppData\Ro | http://purl.org/dc/dcmitype/ | http://purl.org/dc/elements/1.1/ | http://purl.org/dc/terms/ | http://schemas.microsoft.com/off,e428b308112369679bcd7f39cf97aa8e54a2c5d7ee8b2753164d7e165772b40e | 2730184a15d43084e89dc1274b084ec2fa762437a2d5b4508e2b1f9ca3761899 | f4142957241f3951bd3b4f7c9e5335b8f8ebb4cba3d4b6d7d327fff5dead1575 | 1578eb47cefb3bb62e179f626437a28f8c565f2d52dc5120e42241d8942e3ffc | 9e600ad95ff3111556f1eb8652078926aad36576d0e63b36f7964068c5b12cc4,94,42,0,0,0,False,0,0,0,0,0,0,0,107,13,1,2,22
0,0.0,0,,,0,0,0,0,0,0,0,False,0.0,0,0,0,0,0,0,0,0,0,0,True,41,0,7.989740366014574,.docx,cccd4d072383aef7450faf4f64bb44717ea8270a61f40657b36484283448b7b4.docx,/home/burak/Desktop/malicious_dataset/docx/malicious/cccd4d072383aef7450faf4f64bb44717ea8270a61f40657b36484283448b7b4.docx,854752,docx,False,False,False,False,False,False,True,True,False,False,0.0,0,,,0,0,0,0.0,0,,,0,0,/home/burak/Desktop/malicious_dataset/malicious_docx_extraction_results/cccd4d072383aef7450faf4f64bb44717ea8270a61f40657b36484283448b7b4.docx.json,malicious,False,0,0.004153251469432069,0,0.37468879862229043,1,0,1,1,3,14,cccd4d072383aef7450faf4f64bb44717ea8270a61f40657b36484283448b7b4,51.0,1,8¬Øf¬∏√Ög√©¬Ø¬Ω√é√ù¬Å¬ë2 ¬•¬ü√Ü√ù3√î`¬¨√ñ4¬áfs,38f53ae4f9c5d55a92ad05b1700f0403bd461ed3242be702107a73089599c310,51,1,1,64.476,42,file:///C:\Users\John\AppData\Ro | http://purl.org/dc/dcmitype/ | http://purl.org/dc/elements/1.1/ | http://purl.org/dc/terms/ | http://schemas.microsoft.com/off,e428b308112369679bcd7f39cf97aa8e54a2c5d7ee8b2753164d7e165772b40e | 2730184a15d43084e89dc1274b084ec2fa762437a2d5b4508e2b1f9ca3761899 | f4142957241f3951bd3b4f7c9e5335b8f8ebb4cba3d4b6d7d327fff5dead1575 | 1578eb47cefb3bb62e179f626437a28f8c565f2d52dc5120e42241d8942e3ffc | 9e600ad95ff3111556f1eb8652078926aad36576d0e63b36f7964068c5b12cc4,94,42,0,0,0,False,0,0,0,0,0,0,0,107,13,1,2,22
0,0.0,0,,,0,0,0,0,0,0,0,False,0.0,0,0,0,0,0,0,0,0,0,0,True,41,0,7.99035052513089,.docx,cdc7c2d40b1e404f7ad949349b0763ee8ea2038afd21ecd6c5285e3e73912297.docx,/home/burak/Desktop/malicious_dataset/docx/malicious/cdc7c2d40b1e404f7ad949349b0763ee8ea2038afd21ecd6c5285e3e73912297.docx,925482,docx,False,False,False,False,False,False,True,True,False,False,0.0,0,,,0,0,0,0.0,0,,,0,0,/home/burak/Desktop/malicious_dataset/malicious_docx_extraction_results/cdc7c2d40b1e404f7ad949349b0763ee8ea2038afd21ecd6c5285e3e73912297.docx.json,malicious,False,0,0.0037029353353171643,0,0.3779727752673742,0,0,1,1,3,14,cdc7c2d40b1e404f7ad949349b0763ee8ea2038afd21ecd6c5285e3e73912297,0.0,0,,,0,0,1,64.476,42,file:///C:\Users\John\AppData\Ro | http://purl.org/dc/dcmitype/ | http://purl.org/dc/elements/1.1/ | http://purl.org/dc/terms/ | http://schemas.microsoft.com/off,e428b308112369679bcd7f39cf97aa8e54a2c5d7ee8b2753164d7e165772b40e | 2730184a15d43084e89dc1274b084ec2fa762437a2d5b4508e2b1f9ca3761899 | f4142957241f3951bd3b4f7c9e5335b8f8ebb4cba3d4b6d7d327fff5dead1575 | 1578eb47cefb3bb62e179f626437a28f8c565f2d52dc5120e42241d8942e3ffc | 9e600ad95ff3111556f1eb8652078926aad36576d0e63b36f7964068c5b12cc4,94,42,0,0,0,False,0,0,0,0,0,0,0,107,13,1,2,22
0,0.0,0,,,0,0,0,0,0,0,0,False,0.0,0,0,0,0,0,0,0,0,0,0,True,39,0,7.987483319841738,.docx,d3e0384fc1e932671fcf881ca900b746195910aa4b60b390e86bb8305b542247.docx,/home/burak/Desktop/malicious_dataset/docx/malicious/d3e0384fc1e932671fcf881ca900b746195910aa4b60b390e86bb8305b542247.docx,701664,docx,False,False,False,False,False,False,True,False,False,False,0.0,0,,,0,0,0,0.0,0,,,0,0,/home/burak/Desktop/malicious_dataset/malicious_docx_extraction_results/d3e0384fc1e932671fcf881ca900b746195910aa4b60b390e86bb8305b542247.docx.json,malicious,False,0,0.004066048707073471,0,0.3741947712865417,0,0,0,0,2,4,d3e0384fc1e932671fcf881ca900b746195910aa4b60b390e86bb8305b542247,0.0,0,,,0,0,0,55.436,39,http://opendope.org/SmartArt/Dat | http://opendope.org/components | http://opendope.org/conditions | http://opendope.org/questions | http://opendope.org/xpaths,73f4d2d4cf4e05bdd1fb12a903989c3452712be1973c897f0edc5a64078a19cf | fe8e8505539408c6e1f94fba5d6ec4a2f07aaa4cb488ae4875dbd8ea0d06572c | f99c2bb053bc3dd658d8d1b66889fd64e801625eca7db9ed19b1486d05eec128 | 581600da4fd7e11dc4aa3f13795c093d24f0f49582efe963252be82178e614a8 | 4982beb6c5c3b73a75745339efee502e5053bb9c2764cec4d5fae4769f456265,87,39,0,0,0,False,0,0,0,0,0,0,0,53,9,1,0,17
0,0.0,0,,,0,0,0,0,0,0,3,False,0.0,0,0,0,0,0,0,0,0,0,0,True,68,0,7.941325840633672,.docx,d49cd70556c815882ab39d8b256843559e2cd2d12fa91c2d6beda90ca739ac00.docx,/home/burak/Desktop/malicious_dataset/docx/malicious/d49cd70556c815882ab39d8b256843559e2cd2d12fa91c2d6beda90ca739ac00.docx,32067,docx,False,True,False,True,True,False,True,False,False,False,0.0,0,,,0,0,8,0.0,0,,,0,0,/home/burak/Desktop/malicious_dataset/malicious_docx_extraction_results/d49cd70556c815882ab39d8b256843559e2cd2d12fa91c2d6beda90ca739ac00.docx.json,malicious,False,1,0.026132784482489787,0,0.3940811426076652,0,0,2,2,3,21,d49cd70556c815882ab39d8b256843559e2cd2d12fa91c2d6beda90ca739ac00,0.0,0,,,0,0,10,101.171,70,https://ftp.phishing.guru/XV0F3a | https://ftp.phishing.guru/XQXh5S | http://purl.org/dc/dcmitype/ | http://purl.org/dc/elements/1.1/ | http://purl.org/dc/terms/,d4f56f1637dea3374f5523d5f7f864aa0a8b872a41825adaea92089a58a18992 | 00d8f8c491382fd3642d4b308cf72d22fa65d5dab89b7b3699655f372ef1f942 | 2730184a15d43084e89dc1274b084ec2fa762437a2d5b4508e2b1f9ca3761899 | f4142957241f3951bd3b4f7c9e5335b8f8ebb4cba3d4b6d7d327fff5dead1575 | 1578eb47cefb3bb62e179f626437a28f8c565f2d52dc5120e42241d8942e3ffc,346,68,0,0,0,False,0,0,0,0,0,0,0,286,19,1,20,23
0,63.5,2,org/officeDocument/2006/relation | //goodthingswithbettervisiongrea,4dd95c4827428b9b47f97e909561e1d4b304861666dd80703cdcc68e1a921b60 | ff01e5355fd4b2672630918608ec0ccf75476d4d51343a08a9ff69348fda7695,73,2,0,0,0,3,0,False,0.0,0,0,0,0,0,0,0,0,0,0,False,0,0,4.985456555943219,.docx,d540de82a27d3509c4edfe8635f58a8a3820a64a320c7ecaaf0645f92cbbb1b9.docx,/home/burak/Desktop/malicious_dataset/docx/malicious/d540de82a27d3509c4edfe8635f58a8a3820a64a320c7ecaaf0645f92cbbb1b9.docx,411,docx,False,False,False,False,False,False,False,False,True,False,0.0,0,,,0,0,0,0.0,0,,,0,0,/home/burak/Desktop/malicious_dataset/malicious_docx_extraction_results/d540de82a27d3509c4edfe8635f58a8a3820a64a320c7ecaaf0645f92cbbb1b9.docx.json,malicious,True,0,0.0,1,1.0,0,0,0,0,0,0,d540de82a27d3509c4edfe8635f58a8a3820a64a320c7ecaaf0645f92cbbb1b9,0.0,0,,,0,0,0,82.333,3,http://schemas.openxmlformats.or | http://schemas.openxmlformats.or | https://goodthingswithbettervisi,d869ec54482ae1b4a2bf70a2b00cad3a6891c7a88a61e441cb384e9f430bc4ea | ffd76646fb9747df2333328cbbe1569c2cab0da4cd0a2a4eccfe504b7832760f | 18c1b86536e2bce69f808c8ac6bbc35dab86598b4e4a6ae2e835abe28625b7f9,103,3,0,0,0,False,0,0,0,0,0,0,0,0,0,0,0,0
0,0.0,0,,,0,0,0,0,0,0,0,False,0.0,0,0,0,0,0,0,0,0,0,0,True,39,0,7.972909557350659,.docx,dea20349a18896ca3bb2785f72c9a96606c406fe19f490e5c9e62d8f279e64fd.docx,/home/burak/Desktop/malicious_dataset/docx/malicious/dea20349a18896ca3bb2785f72c9a96606c406fe19f490e5c9e62d8f279e64fd.docx,428368,docx,False,False,False,False,False,False,True,False,False,False,0.0,0,,,0,0,0,0.0,0,,,0,0,/home/burak/Desktop/malicious_dataset/malicious_docx_extraction_results/dea20349a18896ca3bb2785f72c9a96606c406fe19f490e5c9e62d8f279e64fd.docx.json,malicious,False,0,0.00402224255780077,0,0.37358766294401075,0,0,0,0,2,4,dea20349a18896ca3bb2785f72c9a96606c406fe19f490e5c9e62d8f279e64fd,0.0,0,,,0,0,0,55.436,39,http://opendope.org/SmartArt/Dat | http://opendope.org/components | http://opendope.org/conditions | http://opendope.org/questions | http://opendope.org/xpaths,73f4d2d4cf4e05bdd1fb12a903989c3452712be1973c897f0edc5a64078a19cf | fe8e8505539408c6e1f94fba5d6ec4a2f07aaa4cb488ae4875dbd8ea0d06572c | f99c2bb053bc3dd658d8d1b66889fd64e801625eca7db9ed19b1486d05eec128 | 581600da4fd7e11dc4aa3f13795c093d24f0f49582efe963252be82178e614a8 | 4982beb6c5c3b73a75745339efee502e5053bb9c2764cec4d5fae4769f456265,87,39,0,0,0,False,0,0,0,0,0,0,0,53,9,1,0,17
0,0.0,0,,,0,0,0,0,0,0,0,False,0.0,0,0,0,0,0,0,0,0,0,0,True,41,0,7.9885831818582345,.docx,e31a6cc18a18d9928f37accef9c30c5e644a112d8469675c22c3f49a1c363d21.docx,/home/burak/Desktop/malicious_dataset/docx/malicious/e31a6cc18a18d9928f37accef9c30c5e644a112d8469675c22c3f49a1c363d21.docx,724456,docx,False,False,False,False,False,False,True,True,False,False,0.0,0,,,0,0,0,0.0,0,,,0,0,/home/burak/Desktop/malicious_dataset/malicious_docx_extraction_results/e31a6cc18a18d9928f37accef9c30c5e644a112d8469675c22c3f49a1c363d21.docx.json,malicious,False,0,0.003980918095784975,0,0.37498895723135706,1,0,1,1,3,14,e31a6cc18a18d9928f37accef9c30c5e644a112d8469675c22c3f49a1c363d21,20.0,1,Og√©√öIexk√£√∞¬•√öt	L¬™B*,ca3ee3212e04e4a1a33017686dca1078939cb773bcf60d82ea4539ea87743c69,20,1,1,64.476,42,file:///C:\Users\John\AppData\Ro | http://purl.org/dc/dcmitype/ | http://purl.org/dc/elements/1.1/ | http://purl.org/dc/terms/ | http://schemas.microsoft.com/off,e428b308112369679bcd7f39cf97aa8e54a2c5d7ee8b2753164d7e165772b40e | 2730184a15d43084e89dc1274b084ec2fa762437a2d5b4508e2b1f9ca3761899 | f4142957241f3951bd3b4f7c9e5335b8f8ebb4cba3d4b6d7d327fff5dead1575 | 1578eb47cefb3bb62e179f626437a28f8c565f2d52dc5120e42241d8942e3ffc | 9e600ad95ff3111556f1eb8652078926aad36576d0e63b36f7964068c5b12cc4,94,42,0,0,0,False,0,0,0,0,0,0,0,107,13,1,2,22
0,0.0,0,,,0,0,1,0,0,0,0,False,2.8774661789119746,4608,1,1,1,0,0,0,0,0,0,True,17,0,7.793740023958128,.docx,ed634afb236ae76203dd8493afba997774bf23b71b70a386c7dea2be0a45eda4.docx,/home/burak/Desktop/malicious_dataset/docx/malicious/ed634afb236ae76203dd8493afba997774bf23b71b70a386c7dea2be0a45eda4.docx,352604,docx,False,False,True,False,False,False,False,False,False,False,0.0,0,,,0,0,0,0.0,0,,,0,0,/home/burak/Desktop/malicious_dataset/malicious_docx_extraction_results/ed634afb236ae76203dd8493afba997774bf23b71b70a386c7dea2be0a45eda4.docx.json,malicious,False,2,0.006571110934646232,1,0.32039057980056945,0,0,0,0,2,0,ed634afb236ae76203dd8493afba997774bf23b71b70a386c7dea2be0a45eda4,688.5,4,                   S y s t e m  |    -       K         _√à¬£0    ,62578bdad5b8e1358a4b878a5c7f325aa828dbd9a6d6716ab06c8b0123eb4008 | efff28e649c47571f6c6aa8b8cccd54f5a5150143ca4e148cba6cca36f3ac05d,1243,2,0,52.294,17,http://purl.org/dc/dcmitype/ | http://purl.org/dc/elements/1.1/ | http://purl.org/dc/terms/ | http://schemas.microsoft.com/off | http://schemas.microsoft.com/off,2730184a15d43084e89dc1274b084ec2fa762437a2d5b4508e2b1f9ca3761899 | f4142957241f3951bd3b4f7c9e5335b8f8ebb4cba3d4b6d7d327fff5dead1575 | 1578eb47cefb3bb62e179f626437a28f8c565f2d52dc5120e42241d8942e3ffc | d852cfd98166a56a0cea0f36849332fa5798aef08f0dccc7b1aecdafcbe9a6e4 | 74b80e6a2e06d28a2341b64f5a0329c7bf9b0b81f94434c6697193f8e0b145e9,73,17,0,0,0,False,0,0,0,0,0,0,0,29,9,1,0,14
0,64.5,2,org/officeDocument/2006/relation | //easywithgreatattitudeofbestepe,4dd95c4827428b9b47f97e909561e1d4b304861666dd80703cdcc68e1a921b60 | 68aac6f7491493d6b6105b1b32a51ed9b7173330ec0521571549ab704cf22607,75,2,0,0,0,3,0,False,0.0,0,0,0,0,0,0,0,0,0,0,False,0,0,5.022068833357297,.docx,f33f48ef278640f4251d5b71e1f16bfa06c20b102a56347a01d96512f8b5b652.docx,/home/burak/Desktop/malicious_dataset/docx/malicious/f33f48ef278640f4251d5b71e1f16bfa06c20b102a56347a01d96512f8b5b652.docx,414,docx,False,False,False,False,False,False,False,False,True,False,0.0,0,,,0,0,0,0.0,0,,,0,0,/home/burak/Desktop/malicious_dataset/malicious_docx_extraction_results/f33f48ef278640f4251d5b71e1f16bfa06c20b102a56347a01d96512f8b5b652.docx.json,malicious,True,0,0.0,1,1.0,0,0,0,0,0,0,f33f48ef278640f4251d5b71e1f16bfa06c20b102a56347a01d96512f8b5b652,0.0,0,,,0,0,0,83.333,3,http://schemas.openxmlformats.or | http://schemas.openxmlformats.or | https://easywithgreatattitudeofb,d869ec54482ae1b4a2bf70a2b00cad3a6891c7a88a61e441cb384e9f430bc4ea | ffd76646fb9747df2333328cbbe1569c2cab0da4cd0a2a4eccfe504b7832760f | 129874235f77960a09c834325bc021c4ddaaf8d690d09c6a31c3cf3d8ef46494,106,3,0,0,0,False,0,0,0,0,0,0,0,0,0,0,0,0
0,0.0,0,,,0,0,0,0,0,0,0,False,0.0,0,0,0,0,0,0,0,0,0,0,True,41,0,7.985810022255169,.docx,f6051498dc45e053a9edab00f35873c74ecdb2beb450962e3a4b946c2529a4c2.docx,/home/burak/Desktop/malicious_dataset/docx/malicious/f6051498dc45e053a9edab00f35873c74ecdb2beb450962e3a4b946c2529a4c2.docx,618713,docx,False,False,False,False,False,False,True,True,False,False,0.0,0,,,0,0,0,0.0,0,,,0,0,/home/burak/Desktop/malicious_dataset/malicious_docx_extraction_results/f6051498dc45e053a9edab00f35873c74ecdb2beb450962e3a4b946c2529a4c2.docx.json,malicious,False,0,0.004405920030773557,0,0.3727123884579765,0,0,1,1,3,14,f6051498dc45e053a9edab00f35873c74ecdb2beb450962e3a4b946c2529a4c2,0.0,0,,,0,0,1,64.476,42,file:///C:\Users\John\AppData\Ro | http://purl.org/dc/dcmitype/ | http://purl.org/dc/elements/1.1/ | http://purl.org/dc/terms/ | http://schemas.microsoft.com/off,e428b308112369679bcd7f39cf97aa8e54a2c5d7ee8b2753164d7e165772b40e | 2730184a15d43084e89dc1274b084ec2fa762437a2d5b4508e2b1f9ca3761899 | f4142957241f3951bd3b4f7c9e5335b8f8ebb4cba3d4b6d7d327fff5dead1575 | 1578eb47cefb3bb62e179f626437a28f8c565f2d52dc5120e42241d8942e3ffc | 9e600ad95ff3111556f1eb8652078926aad36576d0e63b36f7964068c5b12cc4,94,42,0,0,0,False,0,0,0,0,0,0,0,107,13,1,2,22
